"type","id","lat","lon","keyType","keyValue"
"node",21226174,45.4688059,9.1992598,"highway","traffic_signals"
"node",21226225,45.4623851,9.1980056,"highway","traffic_signals"
"node",21226642,45.4631304,9.1971026,"highway","traffic_signals"
"node",21226827,45.4628378,9.1972656,"highway","crossing"
"node",21226958,45.4670051,9.2005458,"highway","traffic_signals"
"node",21226980,45.472348,9.1950795,"highway","traffic_signals"
"node",21227115,45.4632209,9.1988033,"highway","traffic_signals"
"node",21227127,45.4587569,9.1778116,"highway","traffic_signals"
"node",21227284,45.4573624,9.1875204,"highway","traffic_signals"
"node",21663248,45.4657838,9.2004837,"highway","traffic_signals"
"node",21663251,45.4658826,9.1976984,"highway","traffic_signals"
"node",27552408,45.4623564,9.2009386,"highway","traffic_signals"
"node",27654244,45.4697855,9.1982184,"highway","traffic_signals"
"node",28848502,45.4800118,9.1896394,"highway","traffic_signals"
"node",28848589,45.4567491,9.1836097,"highway","traffic_signals"
"node",33197501,45.4729089,9.187408,"highway","traffic_signals"
"node",33197631,45.4749554,9.1915992,"highway","traffic_signals"
"node",95769558,45.4592272,9.1785872,"highway","crossing"
"node",114317300,45.4723092,9.1951374,"highway","traffic_signals"
"node",227531791,45.464414,9.2000054,"amenity","fuel"
"node",227641500,45.470966,9.1996258,"amenity","fuel"
"node",227642844,45.4750473,9.1881099,"amenity","fuel"
"node",241470728,45.4554319,9.1841715,"highway","traffic_signals"
"node",241472086,45.4621782,9.1983108,"highway","crossing"
"node",241475062,45.4728348,9.1927843,"highway","traffic_signals"
"node",251291809,45.4711117,9.1946283,"amenity","theatre"
"node",251293037,45.465622,9.1982156,"highway","crossing"
"node",251293116,45.4675817,9.1998163,"barrier","gate"
"node",251899002,45.4598041,9.198602,"amenity","fountain"
"node",252635778,45.4796288,9.1921177,"highway","traffic_signals"
"node",252641374,45.4751215,9.1892865,"amenity","place_of_worship"
"node",257898306,45.4565508,9.1951034,"railway","station"
"node",258934759,45.456002,9.1829107,"barrier","bollard"
"node",260044832,45.454769,9.1936546,"amenity","hospital"
"node",266323313,45.4624269,9.199852,"barrier","bollard"
"node",267483715,45.4608322,9.1965125,"highway","traffic_signals"
"node",268598516,45.46217,9.1995754,"amenity","post_office"
"node",269924846,45.4797332,9.1889733,"amenity","pub"
"node",291897312,45.4731436,9.1896323,"highway","traffic_signals"
"node",298957129,45.4606383,9.1971099,"amenity","courthouse"
"node",298958377,45.4665862,9.202306,"amenity","courthouse"
"node",298986524,45.4786671,9.1892849,"amenity","restaurant"
"node",303370476,45.4656591,9.2000643,"highway","crossing"
"node",303381450,45.4668476,9.1972592,"highway","traffic_signals"
"node",303381556,45.4668207,9.1978014,"highway","traffic_signals"
"node",304675796,45.4560433,9.1818799,"barrier","gate"
"node",308673066,45.4592543,9.1929243,"barrier","gate"
"node",308673067,45.4586145,9.1942661,"barrier","gate"
"node",312802567,45.4629261,9.1970807,"highway","traffic_signals"
"node",316535138,45.4623693,9.1953077,"amenity","bicycle_rental"
"node",316535141,45.4585992,9.1814563,"amenity","bicycle_rental"
"node",316535142,45.470444,9.1976032,"amenity","bicycle_rental"
"node",316535143,45.4595051,9.1983421,"amenity","bicycle_rental"
"node",316535158,45.456159,9.1957806,"amenity","bicycle_rental"
"node",316535171,45.4613642,9.1948617,"amenity","bicycle_rental"
"node",316535197,45.473129,9.1899964,"amenity","bicycle_rental"
"node",316535198,45.4566148,9.1926977,"amenity","bicycle_rental"
"node",320623009,45.4727004,9.1955867,"amenity","bicycle_parking"
"node",369229560,45.4594341,9.1968983,"amenity","parking_entrance"
"node",369235284,45.4602087,9.1985695,"barrier","gate"
"node",380521238,45.4572369,9.1907255,"highway","crossing"
"node",380522320,45.4575393,9.1923557,"amenity","post_office"
"node",408787811,45.4586202,9.1774493,"amenity","clock"
"node",408787969,45.4585604,9.1777453,"amenity","taxi"
"node",429424573,45.4586453,9.1773751,"amenity","pharmacy"
"node",435190953,45.4704356,9.1919786,"amenity","bank"
"node",439207301,45.4671392,9.1983345,"amenity","theatre"
"node",442032718,45.4594025,9.1986904,"amenity","taxi"
"node",442039636,45.4598356,9.1986738,"barrier","bollard"
"node",442039637,45.4608228,9.1985166,"barrier","bollard"
"node",442046926,45.471925,9.1920231,"amenity","drinking_water"
"node",442046928,45.4711606,9.1924351,"amenity","bicycle_rental"
"node",442572432,45.4566842,9.1955297,"amenity","theatre"
"node",442983868,45.4704644,9.1921309,"amenity","post_box"
"node",442984576,45.4730595,9.1897299,"amenity","post_office"
"node",442984579,45.4734146,9.1898415,"amenity","bank"
"node",446309485,45.4720822,9.194696,"highway","crossing"
"node",446309487,45.4722827,9.1951118,"highway","traffic_signals"
"node",480913575,45.4570328,9.1859605,"highway","crossing"
"node",514924273,45.4700714,9.2003158,"highway","crossing"
"node",559773490,45.4581767,9.1787775,"barrier","fence"
"node",562679474,45.4631917,9.1993508,"highway","crossing"
"node",564907647,45.4704373,9.1921484,"railway","subway_entrance"
"node",566357925,45.4620631,9.1950082,"highway","crossing"
"node",569783528,45.4555492,9.1925189,"highway","crossing"
"node",571525328,45.4615574,9.1961794,"amenity","clock"
"node",582547242,45.4571936,9.1845111,"highway","crossing"
"node",586443081,45.459167,9.1781061,"highway","crossing"
"node",590907114,45.4589992,9.1783437,"highway","crossing"
"node",620901716,45.4575616,9.1874703,"amenity","atm"
"node",640447142,45.4779519,9.1882614,"amenity","embassy"
"node",660690372,45.4585147,9.1781836,"amenity","drinking_water"
"node",669689064,45.4728985,9.1895769,"barrier","block"
"node",669689072,45.4730495,9.1895454,"barrier","block"
"node",715948229,45.456192,9.1867241,"highway","bus_stop"
"node",715948232,45.4564002,9.1875679,"amenity","bank"
"node",870025191,45.4595842,9.1774613,"amenity","restaurant"
"node",935336545,45.4727632,9.192214,"amenity","cafe"
"node",989558703,45.4577204,9.193159,"railway","tram_stop"
"node",998207251,45.4584922,9.1774194,"railway","tram_stop"
"node",1028830776,45.4572427,9.1812712,"highway","bus_stop"
"node",1028830979,45.4573893,9.1811507,"highway","bus_stop"
"node",1029627511,45.4602041,9.1967942,"amenity","drinking_water"
"node",1029646493,45.4720749,9.1857399,"amenity","cafe"
"node",1038653879,45.4628696,9.1967445,"amenity","pharmacy"
"node",1112456216,45.4665172,9.1977978,"amenity","taxi"
"node",1112456261,45.467646,9.1983594,"highway","bus_stop"
"node",1112456266,45.4668025,9.1979376,"highway","crossing"
"node",1251489629,45.4670737,9.200533,"highway","crossing"
"node",1251659572,45.4729539,9.187933,"highway","traffic_signals"
"node",1251659573,45.4753198,9.1884316,"highway","traffic_signals"
"node",1251659581,45.4769705,9.1885213,"highway","traffic_signals"
"node",1265952812,45.45678,9.183062,"barrier","bollard"
"node",1272557326,45.456816,9.1829832,"highway","bus_stop"
"node",1272557356,45.4552804,9.1956773,"railway","tram_stop"
"node",1272557385,45.4559665,9.1877074,"highway","bus_stop"
"node",1272557391,45.4559514,9.1955505,"railway","tram_stop"
"node",1272557462,45.456152,9.1961411,"railway","tram_stop"
"node",1272557592,45.4569413,9.1832193,"highway","bus_stop"
"node",1272557630,45.4569668,9.1902022,"highway","bus_stop"
"node",1272557667,45.4582619,9.1923397,"railway","tram_stop"
"node",1272557793,45.4569204,9.1903718,"highway","bus_stop"
"node",1272557801,45.4586429,9.178241,"highway","bus_stop"
"node",1277284755,45.472338,9.1952791,"highway","crossing"
"node",1277284763,45.4724857,9.1951315,"highway","crossing"
"node",1277284764,45.4729025,9.1951999,"highway","crossing"
"node",1279480910,45.4702531,9.1974611,"highway","bus_stop"
"node",1279480911,45.472973,9.1950205,"highway","crossing"
"node",1279480912,45.4693166,9.1987569,"highway","bus_stop"
"node",1279480918,45.4732298,9.1908039,"highway","bus_stop"
"node",1279480925,45.4718503,9.1957764,"highway","bus_stop"
"node",1279480935,45.4724684,9.1944481,"highway","bus_stop"
"node",1279507440,45.4655168,9.1982934,"highway","bus_stop"
"node",1279617607,45.4657011,9.1998155,"highway","bus_stop"
"node",1331294787,45.4709637,9.193724,"railway","tram_stop"
"node",1331404603,45.4799534,9.1895343,"highway","crossing"
"node",1381690679,45.4589851,9.1813202,"amenity","post_office"
"node",1476609771,45.4574702,9.1809434,"highway","crossing"
"node",1476632556,45.4592499,9.1785622,"highway","crossing"
"node",1476642459,45.4570146,9.1809118,"railway","tram_stop"
"node",1476642471,45.4568475,9.1808403,"railway","tram_stop"
"node",1477881854,45.4573868,9.1875759,"highway","traffic_signals"
"node",1479455187,45.4729757,9.1950652,"highway","crossing"
"node",1479455215,45.4727506,9.1951783,"railway","tram_stop"
"node",1500678525,45.4560158,9.1875206,"highway","crossing"
"node",1500710480,45.4543812,9.1918837,"highway","crossing"
"node",1500710626,45.4553395,9.1900743,"highway","crossing"
"node",1500710646,45.4553995,9.1899957,"highway","crossing"
"node",1502795337,45.4587852,9.1777546,"highway","traffic_signals"
"node",1503309352,45.472962,9.1880282,"highway","crossing"
"node",1503309353,45.4730511,9.1879193,"highway","crossing"
"node",1504226191,45.4569402,9.1830843,"highway","give_way"
"node",1504232648,45.466926,9.2004915,"highway","crossing"
"node",1521490637,45.4667436,9.1990773,"highway","crossing"
"node",1521490726,45.4675452,9.2043454,"highway","crossing"
"node",1521490882,45.4690092,9.2020598,"highway","crossing"
"node",1521490924,45.4691276,9.2021271,"highway","crossing"
"node",1521524915,45.4693537,9.2038818,"highway","crossing"
"node",1521525397,45.4703451,9.2000696,"highway","crossing"
"node",1521569206,45.4682323,9.199868,"highway","crossing"
"node",1521569211,45.468953,9.2041017,"highway","crossing"
"node",1521649908,45.4662744,9.2025807,"highway","crossing"
"node",1521649945,45.4708382,9.1999004,"highway","crossing"
"node",1523573723,45.4796437,9.1918467,"highway","crossing"
"node",1523573725,45.4796827,9.1919322,"highway","crossing"
"node",1523573744,45.47987,9.1888514,"highway","crossing"
"node",1523573753,45.4801139,9.1888031,"highway","crossing"
"node",1523604298,45.4777274,9.192096,"highway","crossing"
"node",1523604329,45.4778277,9.1920072,"highway","crossing"
"node",1523604333,45.4778748,9.192127,"highway","crossing"
"node",1523604723,45.4799783,9.1899295,"highway","crossing"
"node",1523604751,45.4800562,9.1879288,"highway","crossing"
"node",1524472602,45.4626465,9.1980297,"amenity","bank"
"node",1524472850,45.4628168,9.1975269,"railway","tram_stop"
"node",1524474379,45.4625697,9.1978775,"railway","tram_stop"
"node",1526254097,45.461821,9.1949495,"highway","crossing"
"node",1526254116,45.4618423,9.195038,"highway","crossing"
"node",1529839230,45.4633628,9.1987561,"amenity","pharmacy"
"node",1530058197,45.4571614,9.1756013,"highway","crossing"
"node",1530058213,45.4572983,9.1771124,"highway","crossing"
"node",1530058333,45.4577014,9.1776333,"highway","crossing"
"node",1530058393,45.4578191,9.1774749,"highway","crossing"
"node",1530058395,45.457823,9.1773544,"highway","crossing"
"node",1530059336,45.4597196,9.1773953,"highway","crossing"
"node",1530080271,45.4575123,9.1803922,"highway","crossing"
"node",1530212260,45.4555676,9.1779149,"highway","crossing"
"node",1530212276,45.4561215,9.1773822,"highway","crossing"
"node",1530222749,45.4590351,9.1818796,"highway","crossing"
"node",1538587703,45.4745924,9.1946325,"railway","subway_entrance"
"node",1547844132,45.4557943,9.1873988,"railway","tram_stop"
"node",1547866875,45.4562539,9.1874189,"railway","tram_stop"
"node",1547869398,45.4541734,9.1870363,"railway","tram_stop"
"node",1560996213,45.4600616,9.1808383,"railway","tram_stop"
"node",1567944800,45.4573848,9.1809355,"highway","traffic_signals"
"node",1584849024,45.4592408,9.1785754,"highway","crossing"
"node",1584849037,45.4601137,9.180939,"highway","crossing"
"node",1584849044,45.4601299,9.1809803,"highway","traffic_signals"
"node",1588766917,45.4725916,9.1959506,"highway","crossing"
"node",1588766954,45.4729267,9.1954821,"highway","crossing"
"node",1588766965,45.4732349,9.195807,"highway","crossing"
"node",1588766972,45.4733248,9.1957556,"highway","crossing"
"node",1593721646,45.4728598,9.1952722,"amenity","taxi"
"node",1593721651,45.4709396,9.1935584,"amenity","taxi"
"node",1600010817,45.4730888,9.195189,"amenity","pharmacy"
"node",1601248267,45.4725667,9.1952755,"amenity","telephone"
"node",1601248269,45.4725978,9.1952805,"amenity","clock"
"node",1607530442,45.4615592,9.194869,"amenity","cafe"
"node",1607548551,45.4615207,9.1949708,"amenity","cafe"
"node",1607596789,45.4662041,9.197849,"railway","subway_entrance"
"node",1607596791,45.4664335,9.1978608,"railway","subway_entrance"
"node",1607596792,45.4665976,9.1978737,"railway","subway_entrance"
"node",1607596794,45.466909,9.1980258,"railway","subway_entrance"
"node",1607596795,45.4669754,9.1974043,"railway","subway_entrance"
"node",1610904596,45.4631769,9.1977068,"highway","bus_stop"
"node",1610904632,45.4631906,9.1977705,"highway","crossing"
"node",1610904635,45.4631594,9.1972215,"historic","monument"
"node",1610904645,45.4632544,9.1978899,"amenity","taxi"
"node",1612271720,45.4632759,9.197363,"amenity","telephone"
"node",1627126626,45.4631376,9.1997585,"amenity","bank"
"node",1627126721,45.4633048,9.1990533,"amenity","cafe"
"node",1627126724,45.4628254,9.1982917,"highway","bus_stop"
"node",1627126727,45.4628131,9.1984798,"highway","bus_stop"
"node",1627126749,45.4634316,9.1982373,"amenity","clock"
"node",1627126750,45.4634778,9.1982091,"amenity","bank"
"node",1627126751,45.4636279,9.1975439,"amenity","clock"
"node",1627175174,45.4586756,9.1945567,"highway","bus_stop"
"node",1627175192,45.4603967,9.1962006,"highway","bus_stop"
"node",1627175209,45.4672997,9.2005019,"highway","bus_stop"
"node",1627175219,45.4652583,9.2003362,"highway","bus_stop"
"node",1630392483,45.4687959,9.1988311,"amenity","pharmacy"
"node",1630392498,45.4690454,9.1993136,"amenity","pharmacy"
"node",1648333294,45.4786336,9.1891525,"highway","crossing"
"node",1648333309,45.4730479,9.1878274,"highway","crossing"
"node",1648333311,45.4782789,9.1888533,"highway","crossing"
"node",1665073566,45.4595036,9.1810219,"amenity","restaurant"
"node",1721606912,45.4590758,9.177718,"amenity","bank"
"node",1725740873,45.4792212,9.1924223,"highway","crossing"
"node",1725740898,45.4796188,9.1918411,"highway","give_way"
"node",1726477293,45.4623606,9.2001899,"railway","tram_stop"
"node",1726512167,45.4623287,9.2005643,"railway","tram_stop"
"node",1726657131,45.4723347,9.1874378,"amenity","cafe"
"node",1726657252,45.4729445,9.1872108,"amenity","restaurant"
"node",1726657257,45.4726047,9.1875364,"amenity","cafe"
"node",1726657261,45.4725183,9.187425,"amenity","restaurant"
"node",1726657267,45.4726185,9.1875413,"amenity","restaurant"
"node",1726657324,45.4728161,9.1873577,"amenity","cafe"
"node",1726657326,45.4728962,9.1878325,"barrier","bollard"
"node",1726657333,45.4730738,9.1877863,"amenity","telephone"
"node",1727483212,45.4624691,9.1978831,"highway","crossing"
"node",1742819708,45.4728755,9.1947871,"amenity","restaurant"
"node",1742839404,45.4729445,9.1951634,"amenity","waste_basket"
"node",1745715271,45.4732592,9.1957725,"highway","give_way"
"node",1754349632,45.4725541,9.1927743,"highway","stop"
"node",1754349635,45.4725845,9.1925999,"highway","stop"
"node",1754349665,45.4730067,9.1912009,"highway","give_way"
"node",1754349667,45.4731174,9.1911124,"highway","crossing"
"node",1757298686,45.4597567,9.1987527,"highway","stop"
"node",1757298689,45.4598022,9.1776615,"highway","crossing"
"node",1757298800,45.4609349,9.1999712,"highway","crossing"
"node",1757298999,45.4626398,9.2012033,"highway","crossing"
"node",1766729924,45.4542366,9.1878708,"man_made","tower"
"node",1766729940,45.4543587,9.1871794,"barrier","gate"
"node",1766730026,45.4545964,9.1871575,"highway","crossing"
"node",1766730032,45.4546028,9.1871019,"highway","crossing"
"node",1766730087,45.4547343,9.1870724,"highway","crossing"
"node",1779784909,45.4710424,9.1997668,"historic","monument"
"node",1779784978,45.4703449,9.1976616,"highway","crossing"
"node",1779784981,45.4706072,9.1973506,"highway","crossing"
"node",1831015827,45.4622568,9.2008073,"highway","crossing"
"node",1831015846,45.4623909,9.2009401,"highway","crossing"
"node",1831015870,45.4625765,9.2010907,"highway","crossing"
"node",1831778018,45.4623314,9.1980903,"highway","crossing"
"node",1831839889,45.4594638,9.1952491,"highway","crossing"
"node",1831839893,45.4595587,9.1954417,"highway","crossing"
"node",1831839926,45.4607413,9.1964241,"highway","crossing"
"node",1831839930,45.4608669,9.1963907,"highway","crossing"
"node",1831839931,45.460901,9.1966845,"highway","crossing"
"node",1832528974,45.4583382,9.1782702,"amenity","ice_cream"
"node",1833591402,45.4578634,9.1772074,"amenity","restaurant"
"node",1835139591,45.4584958,9.1917421,"highway","crossing"
"node",1835259971,45.4584801,9.1843985,"highway","crossing"
"node",1836372253,45.457397,9.1806087,"highway","crossing"
"node",1836372254,45.4574035,9.1808315,"highway","crossing"
"node",1836372267,45.4587021,9.1779228,"highway","crossing"
"node",1836372272,45.4588157,9.1777008,"highway","crossing"
"node",1855577243,45.470079,9.1929173,"amenity","clock"
"node",1855577245,45.4701216,9.1929534,"amenity","telephone"
"node",1855577246,45.4709703,9.1938189,"amenity","clock"
"node",1855577247,45.4710341,9.1936067,"amenity","clock"
"node",1855577248,45.4744122,9.1882917,"amenity","pharmacy"
"node",1855655293,45.4704316,9.1945812,"amenity","parking_entrance"
"node",1855655518,45.4726006,9.1948031,"amenity","bank"
"node",1855655655,45.4712564,9.1940118,"highway","crossing"
"node",1855655660,45.4718886,9.1955478,"highway","bus_stop"
"node",1855655662,45.4728106,9.1950175,"amenity","waste_basket"
"node",1855655673,45.4729866,9.1958876,"historic","monument"
"node",1855655676,45.4733904,9.1951551,"amenity","cafe"
"node",1855655697,45.4737212,9.1948331,"amenity","clock"
"node",1855676982,45.4669819,9.1976213,"amenity","telephone"
"node",1855779404,45.4659463,9.1990518,"amenity","cafe"
"node",1855779430,45.4659512,9.1988089,"amenity","restaurant"
"node",1855797219,45.4668592,9.1979572,"historic","monument"
"node",1858791633,45.4563588,9.1795605,"barrier","gate"
"node",1858791658,45.4589178,9.1781867,"highway","give_way"
"node",1858791669,45.4591983,9.178074,"highway","give_way"
"node",1925808563,45.4732754,9.1877006,"amenity","cafe"
"node",1930611235,45.4624681,9.1980838,"highway","traffic_signals"
"node",1930611241,45.4623439,9.2008159,"highway","crossing"
"node",1930611243,45.4624221,9.1981758,"highway","crossing"
"node",1940573983,45.4573635,9.1810231,"highway","crossing"
"node",1942874514,45.4545998,9.1871276,"highway","crossing"
"node",1942874519,45.4560109,9.1874083,"highway","traffic_signals"
"node",1942874520,45.4560562,9.187419,"highway","traffic_signals"
"node",1942874523,45.4570004,9.1873915,"highway","crossing"
"node",1942874526,45.4573818,9.1876857,"highway","crossing"
"node",1942874527,45.4573875,9.1875515,"highway","traffic_signals"
"node",1942874530,45.4574621,9.1875643,"highway","crossing"
"node",1942907893,45.4576311,9.1933463,"highway","traffic_signals"
"node",1942907973,45.4582782,9.1922781,"highway","crossing"
"node",1942907993,45.4583145,9.1923273,"highway","crossing"
"node",1942908023,45.4586013,9.1917391,"highway","crossing"
"node",1942943997,45.456108,9.1959712,"highway","crossing"
"node",1957305972,45.4723751,9.1951718,"highway","crossing"
"node",1957305974,45.4724762,9.1952053,"highway","traffic_signals"
"node",1973121577,45.4582905,9.1926554,"amenity","bicycle_rental"
"node",1973121610,45.465857,9.19963,"amenity","bicycle_rental"
"node",1973121629,45.476712,9.1917869,"amenity","bicycle_rental"
"node",1974252528,45.4562667,9.1954803,"highway","traffic_signals"
"node",1984390168,45.4780978,9.1881748,"highway","crossing"
"node",1984390169,45.4781819,9.1882897,"highway","crossing"
"node",1984390171,45.4782994,9.1882518,"highway","crossing"
"node",1984390172,45.4783363,9.1886987,"highway","crossing"
"node",1990844735,45.4687246,9.1993396,"highway","crossing"
"node",1990844736,45.4688544,9.1991412,"highway","crossing"
"node",1990844737,45.468703,9.1991709,"highway","crossing"
"node",1990844738,45.4688704,9.1993275,"highway","crossing"
"node",1990844739,45.4669072,9.1978587,"highway","crossing"
"node",1998652916,45.4726412,9.1874128,"barrier","gate"
"node",1999196025,45.4630346,9.1969777,"highway","crossing"
"node",2004129194,45.463342,9.2000321,"barrier","gate"
"node",2004129215,45.4638916,9.1996016,"barrier","gate"
"node",2011041270,45.4562831,9.1951721,"railway","subway_entrance"
"node",2011041275,45.45644,9.194979,"railway","subway_entrance"
"node",2016327997,45.4574305,9.1892911,"amenity","restaurant"
"node",2045098844,45.4567552,9.176309,"highway","stop"
"node",2045126071,45.4587636,9.1767268,"highway","stop"
"node",2061403096,45.4582147,9.1814089,"historic","monument"
"node",2066420171,45.4563665,9.1955819,"amenity","cafe"
"node",2075241354,45.4586733,9.1840662,"highway","give_way"
"node",2075271810,45.4567767,9.1845246,"amenity","bank"
"node",2075271859,45.4564423,9.1849477,"highway","crossing"
"node",2075271860,45.4564862,9.1849668,"highway","crossing"
"node",2075271867,45.456775,9.1835031,"highway","crossing"
"node",2075271879,45.456896,9.1845543,"amenity","atm"
"node",2112862539,45.467146,9.197254,"amenity","bicycle_parking"
"node",2131495799,45.4577119,9.1877257,"amenity","post_box"
"node",2131565340,45.4568825,9.1873482,"amenity","pharmacy"
"node",2131565354,45.4564592,9.1873798,"amenity","restaurant"
"node",2131565388,45.4572906,9.1876277,"historic","monument"
"node",2131565407,45.4574891,9.1877387,"amenity","drinking_water"
"node",2131565411,45.4575852,9.1877255,"amenity","taxi"
"node",2131596023,45.4567653,9.1945776,"amenity","taxi"
"node",2134233318,45.4541844,9.1938612,"barrier","lift_gate"
"node",2134241677,45.4544527,9.1871916,"barrier","gate"
"node",2140750247,45.4751603,9.1896317,"highway","bus_stop"
"node",2140750248,45.4742215,9.1932971,"highway","bus_stop"
"node",2146721137,45.4575138,9.1811174,"amenity","bar"
"node",2148679314,45.4569605,9.1824352,"amenity","bicycle_parking"
"node",2199853258,45.4628503,9.1992013,"amenity","restaurant"
"node",2222368744,45.4609571,9.2000725,"highway","crossing"
"node",2223277709,45.4570731,9.1810168,"amenity","restaurant"
"node",2269147960,45.4656407,9.1991828,"amenity","cafe"
"node",2269147961,45.4656595,9.1989575,"amenity","bank"
"node",2280244182,45.4593085,9.180993,"amenity","restaurant"
"node",2280247229,45.4566332,9.180923,"amenity","cafe"
"node",2280247232,45.4561666,9.1813628,"amenity","bar"
"node",2280247235,45.4574301,9.1811697,"amenity","ice_cream"
"node",2280248136,45.4577565,9.1814323,"amenity","fast_food"
"node",2299781965,45.4796573,9.1898748,"amenity","bicycle_parking"
"node",2302418326,45.4615839,9.1970552,"barrier","block"
"node",2302418327,45.4615983,9.1970601,"amenity","bicycle_parking"
"node",2302418333,45.462418,9.196104,"amenity","bicycle_parking"
"node",2302418334,45.4632318,9.1972958,"amenity","bicycle_parking"
"node",2302418336,45.4633325,9.1974262,"amenity","bicycle_parking"
"node",2309799431,45.4577001,9.180808,"amenity","restaurant"
"node",2311261790,45.453973,9.1871243,"highway","give_way"
"node",2311261792,45.453975,9.1871033,"highway","crossing"
"node",2311261801,45.4543569,9.1883234,"amenity","fountain"
"node",2311261832,45.454698,9.1882723,"highway","g"
"node",2311261840,45.4552151,9.1871934,"highway","give_way"
"node",2311261842,45.4555095,9.1879731,"highway","give_way"
"node",2311261845,45.4578365,9.1874775,"amenity","post_office"
"node",2311288812,45.4557265,9.1923893,"amenity","parking_entrance"
"node",2311341568,45.4558517,9.1925171,"amenity","drinking_water"
"node",2340989640,45.4752988,9.1892485,"amenity","restaurant"
"node",2340989656,45.4768122,9.1896575,"amenity","post_box"
"node",2340989659,45.4773062,9.189584,"amenity","post_office"
"node",2360434224,45.4728559,9.1869307,"highway","bus_stop"
"node",2377119794,45.4570821,9.1904064,"amenity","bicycle_parking"
"node",2387545471,45.4560865,9.1954851,"highway","crossing"
"node",2387545472,45.4560946,9.195501,"highway","crossing"
"node",2387545473,45.4561067,9.1955163,"highway","crossing"
"node",2391622708,45.4690525,9.1970457,"barrier","gate"
"node",2409688056,45.4766125,9.1877029,"office","newspaper"
"node",2417414837,45.4722528,9.1870826,"amenity","restaurant"
"node",2417414842,45.4722281,9.1869342,"amenity","restaurant"
"node",2420779243,45.4732242,9.1908686,"highway","bus_stop"
"node",2425758526,45.45757,9.193241,"highway","crossing"
"node",2426020213,45.4659333,9.1980302,"amenity","telephone"
"node",2429370560,45.4598902,9.1946011,"natural","tree"
"node",2429370570,45.4602985,9.1945065,"natural","tree"
"node",2434242288,45.4565505,9.1894413,"amenity","bar"
"node",2434242305,45.4556454,9.1875285,"amenity","cafe"
"node",2447394515,45.4582382,9.1879179,"amenity","bar"
"node",2447394517,45.4582782,9.1875515,"amenity","bar"
"node",2447394518,45.4580759,9.1875313,"amenity","restaurant"
"node",2447394520,45.4576253,9.1874678,"amenity","restaurant"
"node",2447394522,45.4561505,9.1873092,"amenity","restaurant"
"node",2447621200,45.4566959,9.1873234,"amenity","restaurant"
"node",2456956248,45.4750355,9.1880184,"amenity","parking_entrance"
"node",2456956256,45.4742361,9.1878507,"amenity","parking_entrance"
"node",2457028323,45.4779224,9.1900308,"barrier","gate"
"node",2457035103,45.4768422,9.1895564,"barrier","gate"
"node",2464104720,45.4774256,9.1889009,"amenity","parking"
"node",2476976389,45.4694,9.198365,"amenity","parking_entrance"
"node",2477023355,45.4594501,9.1975639,"barrier","gate"
"node",2477023360,45.4595261,9.1954268,"highway","crossing"
"node",2477023368,45.4595832,9.1983767,"amenity","parking_entrance"
"node",2477023380,45.4596251,9.1982821,"amenity","telephone"
"node",2477037397,45.4675211,9.2040018,"highway","bus_stop"
"node",2477037403,45.4671203,9.2014553,"highway","bus_stop"
"node",2478255775,45.4764439,9.1918404,"highway","crossing"
"node",2479460682,45.4658902,9.1979349,"highway","crossing"
"node",2479460684,45.4647888,9.1999594,"highway","crossing"
"node",2479460687,45.4658799,9.2004259,"highway","crossing"
"node",2479460688,45.4647726,9.200021,"highway","crossing"
"node",2479460689,45.4656751,9.2003971,"highway","crossing"
"node",2479460690,45.4648103,9.2001626,"highway","crossing"
"node",2479460691,45.4658829,9.2004895,"highway","crossing"
"node",2479460692,45.4657545,9.2003392,"highway","crossing"
"node",2479460693,45.4651457,9.202919,"highway","crossing"
"node",2479460695,45.4658026,9.2005911,"highway","crossing"
"node",2479460699,45.4651086,9.2030045,"highway","crossing"
"node",2479460700,45.4656934,9.200471,"highway","crossing"
"node",2479855008,45.4704245,9.1945938,"amenity","parking"
"node",2485511082,45.4773044,9.1917325,"office","administrative"
"node",2494988437,45.4770379,9.1909233,"amenity","parking_entrance"
"node",2501657291,45.4670139,9.1977177,"railway","subway_entrance"
"node",2501657296,45.4665427,9.1977435,"barrier","gate"
"node",2505052027,45.4698294,9.1982797,"highway","crossing"
"node",2505052898,45.4697208,9.1981109,"highway","crossing"
"node",2518996466,45.4747007,9.1944446,"amenity","telephone"
"node",2518996468,45.4747082,9.1943267,"amenity","vending_machine"
"node",2547434257,45.4726852,9.1952589,"amenity","post_box"
"node",2547434450,45.4724526,9.1954946,"highway","crossing"
"node",2549136580,45.4670594,9.2004799,"highway","crossing"
"node",2549137700,45.4669338,9.2005422,"highway","crossing"
"node",2549137703,45.4669867,9.2004173,"highway","crossing"
"node",2549137706,45.467023,9.200672,"highway","crossing"
"node",2555399232,45.4555881,9.1837665,"highway","stop"
"node",2562152293,45.4707553,9.1972591,"amenity","library"
"node",2562152294,45.470909,9.1970514,"amenity","library"
"node",2562152295,45.4709279,9.1970821,"office","company"
"node",2562152308,45.4707914,9.1968439,"barrier","gate"
"node",2562152323,45.470918,9.1970678,"office","company"
"node",2562152325,45.471736,9.1960374,"office","bank"
"node",2562152326,45.4709394,9.1970953,"office","company"
"node",2562152329,45.4697044,9.1982319,"highway","crossing"
"node",2562152331,45.4697314,9.1982821,"highway","crossing"
"node",2562152336,45.4698144,9.1980993,"highway","crossing"
"node",2562152337,45.4698574,9.1981292,"highway","crossing"
"node",2562152342,45.4700184,9.1977689,"barrier","gate"
"node",2562152344,45.4702895,9.1972353,"barrier","gate"
"node",2562152347,45.4704952,9.1974886,"man_made","monitoring_station"
"node",2562152351,45.4706162,9.1971156,"highway","crossing"
"node",2562152352,45.4706516,9.1971782,"highway","crossing"
"node",2562152354,45.4706825,9.1969803,"barrier","gate"
"node",2562152357,45.4709405,9.1966708,"barrier","gate"
"node",2562152358,45.4711152,9.196747,"barrier","gate"
"node",2562152359,45.4712901,9.1962244,"barrier","gate"
"node",2562152360,45.4716059,9.1958622,"barrier","gate"
"node",2562152361,45.47171,9.1957471,"barrier","gate"
"node",2568850847,45.4571538,9.1907559,"highway","crossing"
"node",2568850850,45.4570953,9.1911803,"barrier","gate"
"node",2568851068,45.4575495,9.193293,"highway","crossing"
"node",2569732549,45.4569034,9.1861433,"amenity","school"
"node",2569732552,45.4564351,9.1867862,"amenity","school"
"node",2569732556,45.4565983,9.185478,"barrier","bollard"
"node",2569732570,45.4566741,9.1852553,"barrier","gate"
"node",2573646432,45.4650299,9.2015071,"natural","tree"
"node",2573646433,45.4650484,9.2016649,"natural","tree"
"node",2573646435,45.4650533,9.2017106,"natural","tree"
"node",2573646457,45.4650463,9.2021516,"highway","crossing"
"node",2573646477,45.465063,9.2018089,"natural","tree"
"node",2573646531,45.465229,9.2028433,"natural","tree"
"node",2573646548,45.4652494,9.2027394,"natural","tree"
"node",2573646550,45.4653067,9.2027062,"natural","tree"
"node",2573646551,45.4654388,9.2025317,"natural","tree"
"node",2573646552,45.4654427,9.2026217,"natural","tree"
"node",2573646568,45.4658078,9.202043,"amenity","cafe"
"node",2573646575,45.4659127,9.2018657,"barrier","gate"
"node",2573646603,45.4660616,9.2020405,"highway","crossing"
"node",2573646613,45.4660946,9.2026517,"highway","crossing"
"node",2573684137,45.4650035,9.2022415,"amenity","school"
"node",2579907208,45.4656751,9.1994117,"highway","crossing"
"node",2579907212,45.4657779,9.1994613,"highway","crossing"
"node",2579907215,45.4659083,9.1992919,"highway","crossing"
"node",2588118148,45.4746371,9.1946815,"highway","crossing"
"node",2588118152,45.4747289,9.1937058,"highway","crossing"
"node",2588118155,45.4747642,9.1933629,"highway","crossing"
"node",2589435107,45.479334,9.1923376,"amenity","taxi"
"node",2592038304,45.4660212,9.2026528,"amenity","bicycle_parking"
"node",2602952449,45.4737205,9.1952572,"amenity","restaurant"
"node",2609736510,45.4573106,9.1808985,"man_made","surveillance"
"node",2609736511,45.457998,9.1812135,"natural","tree"
"node",2609736512,45.4584406,9.1812692,"natural","tree"
"node",2613682504,45.4612423,9.2002187,"office","lawyer"
"node",2614762676,45.4769992,9.1883733,"highway","crossing"
"node",2614762681,45.4750126,9.1869937,"highway","crossing"
"node",2614762682,45.47689,9.1884991,"highway","crossing"
"node",2614762686,45.4770501,9.1885487,"highway","crossing"
"node",2614762691,45.4770935,9.1878867,"highway","crossing"
"node",2614762697,45.4754223,9.1871322,"highway","crossing"
"node",2614762711,45.4753619,9.1871984,"highway","crossing"
"node",2614762716,45.4769433,9.1886653,"highway","crossing"
"node",2614762719,45.4753657,9.1870428,"highway","crossing"
"node",2653824863,45.46608,9.2022957,"highway","bus_stop"
"node",2663977858,45.4572629,9.1819547,"barrier","bollard"
"node",2664007043,45.4573004,9.1816371,"barrier","gate"
"node",2664070859,45.4585878,9.1820058,"barrier","gate"
"node",2664073201,45.458899,9.1819665,"barrier","bollard"
"node",2664087362,45.4584235,9.183047,"barrier","gate"
"node",2664091093,45.4584949,9.1826879,"leisure","playground"
"node",2664093188,45.4586041,9.1825699,"leisure","playground"
"node",2664093189,45.4586209,9.182362,"leisure","playground"
"node",2666987247,45.4632106,9.1976293,"highway","bus_stop"
"node",2678715373,45.455506,9.1841746,"highway","crossing"
"node",2678715374,45.4553485,9.1841627,"highway","crossing"
"node",2678715375,45.4555379,9.1837378,"highway","crossing"
"node",2678715376,45.4554261,9.1842533,"highway","crossing"
"node",2678715377,45.4553579,9.1839649,"highway","crossing"
"node",2694241806,45.4581518,9.1787902,"barrier","gate"
"node",2694241807,45.4578663,9.1785606,"barrier","gate"
"node",2694520738,45.4561532,9.1776847,"highway","crossing"
"node",2694520774,45.4575571,9.1776657,"highway","crossing"
"node",2694520851,45.458793,9.176805,"highway","crossing"
"node",2738086314,45.4577184,9.1790249,"barrier","gate"
"node",2739250721,45.4561642,9.1774258,"highway","crossing"
"node",2739251539,45.4573093,9.1783901,"amenity","bench"
"node",2739766878,45.4566132,9.1777368,"barrier","gate"
"node",2739770273,45.4554081,9.178704,"barrier","gate"
"node",2747186530,45.463486,9.1973585,"highway","crossing"
"node",2747186536,45.4635008,9.1975396,"highway","crossing"
"node",2747186540,45.4630782,9.197095,"highway","crossing"
"node",2747189511,45.4633739,9.1974638,"amenity","post_box"
"node",2752294047,45.4659828,9.1977414,"highway","crossing"
"node",2752294065,45.4666894,9.197794,"highway","crossing"
"node",2771219123,45.4572849,9.180941,"highway","crossing"
"node",2771219124,45.4572862,9.1809232,"highway","crossing"
"node",2771219125,45.4572897,9.1809057,"highway","crossing"
"node",2794591602,45.4586904,9.1943646,"barrier","gate"
"node",2794591608,45.4593408,9.1929986,"barrier","gate"
"node",2801099628,45.4634514,9.1980485,"highway","give_way"
"node",2838418121,45.4724242,9.1849278,"highway","crossing"
"node",2852900173,45.4669398,9.1977439,"highway","crossing"
"node",2899241778,45.4723,9.1950864,"highway","traffic_signals"
"node",2899269501,45.4729735,9.1950452,"highway","crossing"
"node",2902727097,45.4552673,9.1922663,"highway","crossing"
"node",2902727098,45.4552403,9.1924945,"highway","crossing"
"node",2902727702,45.4555294,9.192767,"highway","crossing"
"node",2902727710,45.4570982,9.1907839,"highway","crossing"
"node",2903876519,45.4623309,9.2009362,"highway","traffic_signals"
"node",2904755323,45.4587479,9.1794196,"leisure","social_club"
"node",2904755324,45.4585268,9.1812911,"amenity","bicycle_parking"
"node",2917660502,45.4637995,9.1995183,"amenity","post_box"
"node",2917668177,45.4552767,9.1927871,"highway","crossing"
"node",2917668194,45.4554115,9.1928463,"highway","crossing"
"node",2917668197,45.4554155,9.1922053,"highway","crossing"
"node",2917674537,45.4555705,9.192768,"barrier","bollard"
"node",2920572216,45.4706857,9.1998936,"amenity","motorcycle_parking"
"node",2925717078,45.4575962,9.1934015,"highway","traffic_signals"
"node",2925717080,45.4576636,9.1932491,"highway","crossing"
"node",2925717081,45.4576791,9.1932653,"highway","crossing"
"node",2925717083,45.4576888,9.1932795,"highway","crossing"
"node",2942007944,45.4600456,9.195906,"barrier","gate"
"node",2942031498,45.4597132,9.1975348,"barrier","gate"
"node",2942111702,45.4559279,9.1825801,"man_made","tower"
"node",2942111703,45.4566134,9.1828141,"man_made","tower"
"node",2942111704,45.4563349,9.1819609,"man_made","tower"
"node",2942121109,45.4568477,9.1827915,"barrier","gate"
"node",2942131436,45.458269,9.1831679,"man_made","tower"
"node",2942131443,45.458536,9.1820386,"emergency","phone"
"node",2942131445,45.4583536,9.1830472,"emergency","phone"
"node",2942131447,45.457665,9.1830662,"man_made","tower"
"node",2942131449,45.4568184,9.1827226,"emergency","phone"
"node",2942138057,45.4576028,9.1831021,"barrier","gate"
"node",2942145450,45.4585134,9.1825536,"man_made","tower"
"node",2942147292,45.4580037,9.1830069,"amenity","drinking_water"
"node",2942153875,45.4559699,9.182036,"amenity","drinking_water"
"node",2946349307,45.4798103,9.1893547,"amenity","restaurant"
"node",2946350665,45.4799381,9.1894015,"natural","tree"
"node",2946350666,45.4799713,9.1891057,"natural","tree"
"node",2946350667,45.4799544,9.1892586,"natural","tree"
"node",2951224189,45.4725478,9.1954861,"highway","crossing"
"node",2951224190,45.4725883,9.195419,"highway","crossing"
"node",2991256517,45.4656403,9.1984103,"amenity","restaurant"
"node",2991256518,45.4656676,9.1984528,"amenity","cafe"
"node",2991373502,45.4670643,9.1977799,"amenity","clock"
"node",2991433221,45.4704563,9.1966226,"historic","memorial"
"node",3011321718,45.4561594,9.1954952,"barrier","gate"
"node",3011321720,45.4562634,9.1954346,"barrier","gate"
"node",3011321721,45.4562935,9.195399,"barrier","gate"
"node",3011321725,45.4563605,9.1952231,"amenity","toilets"
"node",3012733124,45.4684954,9.1987662,"barrier","block"
"node",3012733125,45.4686141,9.199009,"amenity","clock"
"node",3012733128,45.4698436,9.1972136,"historic","memorial"
"node",3013052217,45.4687092,9.1994341,"amenity","waste_basket"
"node",3016715780,45.4668754,9.199203,"amenity","cafe"
"node",3016715783,45.4666975,9.1987245,"amenity","cafe"
"node",3016715787,45.4669792,9.2000028,"amenity","pharmacy"
"node",3016715789,45.4670262,9.1996612,"man_made","mast"
"node",3017653765,45.4636504,9.1976183,"amenity","cafe"
"node",3017653766,45.4655737,9.1983425,"amenity","cafe"
"node",3017653767,45.4635413,9.1979385,"amenity","cafe"
"node",3017653777,45.4634406,9.1983911,"amenity","restaurant"
"node",3017653784,45.4654669,9.1983407,"amenity","cafe"
"node",3017653785,45.4653724,9.1983444,"amenity","restaurant"
"node",3017653790,45.4634868,9.1981677,"amenity","atm"
"node",3017653793,45.4642446,9.1980279,"amenity","cafe"
"node",3017653794,45.4644643,9.1980822,"amenity","waste_basket"
"node",3018903704,45.4632811,9.1993817,"amenity","bank"
"node",3018903705,45.4633267,9.1998965,"amenity","bank"
"node",3018903718,45.4631779,9.1992918,"highway","give_way"
"node",3018903719,45.4631603,9.1995541,"natural","tree"
"node",3018903722,45.4633152,9.1998056,"amenity","atm"
"node",3018903723,45.4633499,9.2001076,"barrier","gate"
"node",3019007373,45.4581043,9.1938497,"highway","bus_stop"
"node",3019007375,45.4598381,9.1954808,"highway","bus_stop"
"node",3019007376,45.4612302,9.19678,"highway","bus_stop"
"node",3019007377,45.4576857,9.1931284,"highway","bus_stop"
"node",3019007381,45.4587173,9.1946188,"highway","bus_stop"
"node",3019007382,45.4593473,9.1949676,"barrier","gate"
"node",3019037302,45.4682942,9.1995944,"highway","bus_stop"
"node",3019037303,45.4664636,9.2004434,"highway","bus_stop"
"node",3019037304,45.4648517,9.1999549,"highway","bus_stop"
"node",3025539005,45.4600936,9.180581,"amenity","pharmacy"
"node",3025539006,45.4600751,9.1805106,"amenity","cafe"
"node",3025539017,45.4600277,9.1809355,"amenity","clock"
"node",3052377949,45.4566716,9.1835909,"highway","crossing"
"node",3052377956,45.4576399,9.1934596,"highway","crossing"
"node",3052383329,45.4567227,9.1837264,"highway","crossing"
"node",3052384908,45.4575677,9.1934493,"highway","crossing"
"node",3052385236,45.4576715,9.1934061,"highway","crossing"
"node",3054407902,45.4671979,9.1990956,"barrier","gate"
"node",3054451366,45.4681439,9.1996976,"barrier","gate"
"node",3054451368,45.4682014,9.1996445,"barrier","gate"
"node",3054451370,45.4684476,9.1994378,"barrier","gate"
"node",3054451694,45.4669053,9.2004257,"amenity","ice_cream"
"node",3065837142,45.4728515,9.1865736,"office","company"
"node",3106082735,45.4641343,9.1997936,"amenity","cafe"
"node",3106082753,45.4650994,9.2003347,"office","company"
"node",3106082757,45.4638493,9.199566,"barrier","gate"
"node",3106082758,45.4639388,9.1996413,"barrier","gate"
"node",3106082763,45.4644977,9.1997352,"barrier","gate"
"node",3106082764,45.4647663,9.1998813,"barrier","gate"
"node",3106082765,45.4650341,9.2000354,"barrier","gate"
"node",3114899554,45.4636261,9.1974539,"highway","crossing"
"node",3133669031,45.472967,9.1880869,"highway","traffic_signals"
"node",3137355881,45.4670889,9.1973317,"amenity","atm"
"node",3188691735,45.4683499,9.1984478,"amenity","cafe"
"node",3202941895,45.4693457,9.2039333,"highway","give_way"
"node",3240245907,45.4669944,9.1975135,"railway","subway_entrance"
"node",3264975760,45.4629098,9.1973412,"highway","crossing"
"node",3273328651,45.4659833,9.1976905,"highway","crossing"
"node",3292516226,45.4697614,9.1946099,"amenity","restaurant"
"node",3306622990,45.4664766,9.200447,"amenity","waste_basket"
"node",3306622992,45.4691553,9.1972456,"historic","memorial"
"node",3306622993,45.4693992,9.1973637,"historic","memorial"
"node",3307142238,45.4793435,9.1885299,"craft","caterer"
"node",3307145592,45.4782677,9.1889718,"highway","crossing"
"node",3307145596,45.4798945,9.1889268,"amenity","waste_basket"
"node",3307145599,45.4799564,9.1897046,"natural","tree"
"node",3307145600,45.4799726,9.1887701,"highway","crossing"
"node",3307148037,45.479154,9.1884549,"amenity","restaurant"
"node",3307148038,45.4789608,9.1885936,"amenity","restaurant"
"node",3307148039,45.4782866,9.1881645,"amenity","waste_basket"
"node",3307148445,45.4783481,9.1880961,"amenity","cafe"
"node",3307148562,45.4799355,9.1886028,"amenity","cafe"
"node",3307148567,45.4799805,9.1883708,"amenity","public_building"
"node",3307148584,45.4780921,9.1883177,"amenity","restaurant"
"node",3307148587,45.4791045,9.1885591,"highway","crossing"
"node",3307148592,45.4793071,9.1923062,"highway","crossing"
"node",3307148627,45.4799136,9.1900322,"natural","tree"
"node",3307148692,45.4795424,9.1886103,"amenity","restaurant"
"node",3307148710,45.479461,9.1893257,"natural","tree"
"node",3307148719,45.4795362,9.189375,"leisure","playground"
"node",3307148720,45.4795427,9.1896534,"amenity","bench"
"node",3307148721,45.4795511,9.1893257,"natural","tree"
"node",3307148737,45.4798052,9.1898213,"amenity","waste_basket"
"node",3307148739,45.4798303,9.1897062,"natural","tree"
"node",3307148740,45.479837,9.190159,"natural","tree"
"node",3307148745,45.4798942,9.1899209,"amenity","waste_basket"
"node",3307148749,45.4799721,9.189634,"natural","tree"
"node",3307148762,45.4796761,9.1886739,"amenity","fast_food"
"node",3307148763,45.4784505,9.1881915,"amenity","restaurant"
"node",3307148791,45.4795316,9.1919144,"highway","crossing"
"node",3307148792,45.4795399,9.1895892,"amenity","bench"
"node",3307148793,45.4795472,9.189488,"amenity","bench"
"node",3307148794,45.4795573,9.1895458,"amenity","bench"
"node",3307148795,45.4795647,9.1896783,"amenity","bench"
"node",3307148796,45.4796074,9.1919403,"highway","crossing"
"node",3307148827,45.4797987,9.1896629,"natural","tree"
"node",3307148833,45.479864,9.1889015,"amenity","clock"
"node",3307148834,45.4798654,9.1895035,"amenity","parking"
"node",3310014529,45.4660875,9.1979321,"amenity","bank"
"node",3310014544,45.4660995,9.1979386,"amenity","atm"
"node",3314857876,45.471862,9.1948581,"barrier","bollard"
"node",3314857878,45.4721222,9.1952566,"amenity","waste_basket"
"node",3333717497,45.4794087,9.1877852,"amenity","veterinary"
"node",3334269363,45.456639,9.1843226,"highway","give_way"
"node",3334269364,45.4572101,9.1843444,"highway","crossing"
"node",3334269366,45.457261,9.1844414,"highway","crossing"
"node",3334269368,45.4571206,9.1848868,"highway","crossing"
"node",3334269370,45.4581888,9.1844898,"highway","crossing"
"node",3334269371,45.4585434,9.1843253,"highway","crossing"
"node",3334269373,45.457152,9.1844501,"highway","crossing"
"node",3334269374,45.457288,9.183867,"highway","crossing"
"node",3371079460,45.4574502,9.1899805,"amenity","cafe"
"node",3371089455,45.4570308,9.1876138,"office","insurance"
"node",3371095593,45.4573991,9.1896767,"amenity","cafe"
"node",3371107755,45.4572218,9.1900516,"barrier","gate"
"node",3371107756,45.4572568,9.190044,"barrier","gate"
"node",3371107757,45.4573322,9.1900279,"barrier","gate"
"node",3371594900,45.4556122,9.1932521,"barrier","gate"
"node",3371594901,45.455574,9.193028,"barrier","gate"
"node",3371594907,45.4556223,9.1932998,"barrier","gate"
"node",3389492642,45.4705202,9.1999338,"natural","tree"
"node",3389492657,45.4703642,9.1999365,"natural","tree"
"node",3389492658,45.4704394,9.1999177,"natural","tree"
"node",3399748299,45.4581249,9.1768388,"highway","crossing"
"node",3399748304,45.4588328,9.1778761,"highway","crossing"
"node",3399748307,45.4582018,9.1769518,"highway","crossing"
"node",3399748309,45.4580978,9.1769658,"highway","crossing"
"node",3399748310,45.4586998,9.1776821,"highway","crossing"
"node",3403683252,45.4555779,9.1836017,"amenity","cafe"
"node",3403683262,45.456298,9.1837653,"amenity","vending_machine"
"node",3403683275,45.4556794,9.183921,"amenity","bench"
"node",3405057680,45.4676539,9.1980614,"office","it"
"node",3405659145,45.4568528,9.1809602,"amenity","fast_food"
"node",3405678009,45.4677333,9.2042053,"amenity","townhall"
"node",3448546128,45.478363,9.1906013,"natural","tree"
"node",3448546130,45.4783689,9.1904517,"natural","tree"
"node",3448546138,45.4784992,9.1888289,"amenity","waste_basket"
"node",3448546139,45.4785078,9.1917751,"natural","tree"
"node",3448546140,45.4785397,9.1888035,"amenity","bench"
"node",3448546144,45.478597,9.1888138,"amenity","bench"
"node",3448546146,45.478657,9.1890282,"natural","tree"
"node",3448546148,45.4787649,9.1918004,"natural","tree"
"node",3448547188,45.4789206,9.1891384,"natural","tree"
"node",3448549349,45.4796244,9.1904188,"natural","tree"
"node",3448550092,45.4781629,9.1917442,"natural","tree"
"node",3448550160,45.47956,9.1915369,"amenity","pharmacy"
"node",3448550163,45.478409,9.189159,"amenity","conference_centre"
"node",3448550214,45.4789063,9.1921552,"amenity","place_of_worship"
"node",3448550419,45.4783506,9.1885512,"amenity","cafe"
"node",3448550433,45.4782671,9.1887829,"amenity","waste_basket"
"node",3448550436,45.4783334,9.1908015,"natural","tree"
"node",3448550445,45.4785363,9.1889181,"natural","tree"
"node",3448550446,45.4785373,9.1915643,"natural","tree"
"node",3448550447,45.4785743,9.1900239,"natural","tree"
"node",3448550448,45.4785835,9.1892204,"amenity","waste_basket"
"node",3448550454,45.4787708,9.1915854,"natural","tree"
"node",3448550498,45.4783567,9.1889665,"highway","give_way"
"node",3448550519,45.4785786,9.1891563,"barrier","bollard"
"node",3448550521,45.4786127,9.1900007,"natural","tree"
"node",3448550524,45.4787613,9.1898895,"amenity","waste_basket"
"node",3448551008,45.4789567,9.1922669,"amenity","waste_basket"
"node",3448551029,45.4791531,9.1912702,"natural","tree"
"node",3448551031,45.4791978,9.1893127,"amenity","waste_basket"
"node",3448551036,45.4792462,9.1903682,"natural","tree"
"node",3448551041,45.4792816,9.1906949,"natural","tree"
"node",3448551047,45.4793331,9.1923802,"amenity","waste_basket"
"node",3448551050,45.4794503,9.1890177,"natural","tree"
"node",3448551056,45.4795358,9.1907054,"natural","tree"
"node",3448551086,45.4796303,9.1907455,"natural","tree"
"node",3448551503,45.4795362,9.1915983,"amenity","waste_basket"
"node",3448551533,45.4795831,9.1907307,"natural","tree"
"node",3448551861,45.479258,9.190775,"natural","tree"
"node",3448551863,45.4792793,9.1923936,"highway","stop"
"node",3448551865,45.4792846,9.1905642,"natural","tree"
"node",3448551872,45.4793793,9.1891563,"natural","tree"
"node",3448553293,45.4794816,9.1917893,"amenity","waste_basket"
"node",3448553295,45.4794929,9.190697,"natural","tree"
"node",3448553493,45.4794963,9.1890535,"natural","tree"
"node",3448554441,45.4796892,9.191743,"amenity","waste_basket"
"node",3448554443,45.4797068,9.1914355,"natural","tree"
"node",3448554445,45.4797116,9.1903977,"natural","tree"
"node",3448554446,45.4797193,9.1913446,"natural","tree"
"node",3448554448,45.4797318,9.1909184,"natural","tree"
"node",3448554994,45.4796451,9.190364,"natural","tree"
"node",3450509033,45.4569585,9.1855602,"man_made","mast"
"node",3450509034,45.4563799,9.1849251,"amenity","post_box"
"node",3467619097,45.4567844,9.1821137,"man_made","tower"
"node",3469720969,45.4579106,9.1777454,"amenity","taxi"
"node",3469720976,45.4572652,9.1772793,"highway","give_way"
"node",3469720979,45.4575617,9.1776286,"highway","give_way"
"node",3469720988,45.4577891,9.1774045,"highway","give_way"
"node",3476460343,45.463264,9.1989692,"highway","crossing"
"node",3476460354,45.4632668,9.1988481,"highway","crossing"
"node",3476460358,45.4629986,9.1993184,"highway","crossing"
"node",3476460365,45.4632799,9.1987852,"highway","crossing"
"node",3476460369,45.4629178,9.1999193,"highway","crossing"
"node",3476460377,45.4632505,9.1986682,"highway","crossing"
"node",3476460378,45.4626033,9.2011951,"highway","give_way"
"node",3476460380,45.4632001,9.1988976,"highway","crossing"
"node",3476460383,45.4634171,9.2013275,"highway","crossing"
"node",3476460385,45.4634424,9.2012498,"highway","give_way"
"node",3476460387,45.4631507,9.1987362,"highway","crossing"
"node",3476460389,45.4642141,9.199821,"highway","crossing"
"node",3476469696,45.4631605,9.1986672,"highway","crossing"
"node",3476469705,45.4628098,9.1999636,"highway","crossing"
"node",3476586882,45.4687815,9.201524,"highway","crossing"
"node",3478862628,45.4585614,9.1780178,"highway","crossing"
"node",3478862637,45.4584814,9.1782166,"highway","crossing"
"node",3478946478,45.4545666,9.1900278,"highway","crossing"
"node",3478946718,45.4580657,9.1795006,"highway","crossing"
"node",3478946735,45.4545316,9.1899191,"highway","crossing"
"node",3478946737,45.4545089,9.1901151,"highway","crossing"
"node",3478946739,45.4552174,9.1871607,"highway","crossing"
"node",3478946751,45.4574083,9.1806717,"highway","give_way"
"node",3491226893,45.4732363,9.1921606,"amenity","police"
"node",3505706082,45.4663059,9.1982739,"amenity","cafe"
"node",3539640341,45.4662137,9.202606,"highway","stop"
"node",3539640484,45.4673086,9.2029327,"highway","crossing"
"node",3541970502,45.4690936,9.2039077,"natural","tree"
"node",3541971527,45.4691643,9.2037497,"natural","tree"
"node",3541991296,45.4654681,9.2015939,"natural","tree"
"node",3541991798,45.465431,9.2014262,"natural","tree"
"node",3541991914,45.4654511,9.2011106,"natural","tree"
"node",3541992409,45.465705,9.2010112,"natural","tree"
"node",3563604993,45.4732864,9.1899988,"barrier","gate"
"node",3563604994,45.4733694,9.1899294,"natural","tree"
"node",3563604996,45.4733222,9.1900674,"natural","tree"
"node",3611035872,45.4648216,9.2001099,"highway","give_way"
"node",3611373648,45.4792293,9.1910599,"highway","crossing"
"node",3611373650,45.4792726,9.1910344,"highway","crossing"
"node",3623120178,45.4550886,9.1786259,"highway","crossing"
"node",3625461585,45.456457,9.1926369,"amenity","bicycle_parking"
"node",3625461586,45.4572486,9.1931567,"amenity","bicycle_parking"
"node",3627205088,45.4588979,9.1777808,"historic","monument"
"node",3665023435,45.4583593,9.1914627,"highway","crossing"
"node",3675020556,45.478846,9.1889909,"amenity","social_facility"
"node",3675020557,45.4770997,9.1883639,"amenity","cafe"
"node",3675020571,45.4771097,9.1886916,"amenity","telephone"
"node",3675020572,45.4771791,9.1878725,"amenity","waste_basket"
"node",3675020584,45.4780921,9.1882301,"amenity","waste_basket"
"node",3675020586,45.4782638,9.1889062,"amenity","waste_basket"
"node",3675020720,45.4770002,9.1886826,"amenity","waste_basket"
"node",3675020820,45.4770607,9.1888151,"amenity","bank"
"node",3675020824,45.4771637,9.1882776,"office","travel_agency"
"node",3675021250,45.4771846,9.1879388,"amenity","cafe"
"node",3675021265,45.4776751,9.1886179,"barrier","gate"
"node",3675021266,45.4776979,9.1886626,"amenity","waste_basket"
"node",3675021268,45.4777647,9.1881131,"barrier","gate"
"node",3675021360,45.4778684,9.1889669,"amenity","restaurant"
"node",3675021362,45.4781788,9.1890872,"amenity","restaurant"
"node",3675021425,45.4776881,9.1889736,"office","administrative"
"node",3675021427,45.4774345,9.1880168,"amenity","cafe"
"node",3675021438,45.4778171,9.1881167,"office","company"
"node",3675021725,45.4775067,9.1885319,"amenity","restaurant"
"node",3675021732,45.4775027,9.1880448,"amenity","restaurant"
"node",3675022026,45.4780122,9.1887082,"amenity","restaurant"
"node",3675022028,45.4775785,9.1880661,"amenity","restaurant"
"node",3675022059,45.4769863,9.1880718,"barrier","gate"
"node",3675022061,45.4770639,9.1884158,"amenity","waste_basket"
"node",3731973431,45.4574861,9.1900489,"highway","crossing"
"node",3731973433,45.4586622,9.1839925,"highway","crossing"
"node",3731973437,45.4571959,9.1844739,"highway","give_way"
"node",3731973438,45.4575397,9.1901041,"highway","crossing"
"node",3731973439,45.4585018,9.1843991,"highway","give_way"
"node",3731973456,45.457087,9.1901408,"highway","give_way"
"node",3731973457,45.4575215,9.189974,"highway","crossing"
"node",3731973463,45.4570144,9.1863182,"highway","crossing"
"node",3731973473,45.4567737,9.1843882,"highway","crossing"
"node",3731973480,45.4568362,9.1836561,"highway","crossing"
"node",3731973483,45.4570293,9.1900754,"highway","crossing"
"node",3731973490,45.4571174,9.1901338,"highway","crossing"
"node",3731973493,45.4575847,9.1900259,"highway","crossing"
"node",3786087265,45.4625527,9.1978688,"highway","bus_stop"
"node",3786087266,45.4622,9.1987285,"highway","bus_stop"
"node",3786087268,45.462375,9.2001702,"highway","bus_stop"
"node",3786087269,45.4628434,9.1975188,"highway","bus_stop"
"node",3786087273,45.4623015,9.2006101,"highway","bus_stop"
"node",3832543413,45.4622999,9.1979238,"highway","crossing"
"node",3832543414,45.4629613,9.1969221,"highway","crossing"
"node",3832543416,45.4634782,9.1980881,"highway","crossing"
"node",3832543418,45.4630002,9.197282,"highway","crossing"
"node",3832543427,45.462344,9.197857,"highway","crossing"
"node",3832543437,45.4629888,9.1972994,"highway","crossing"
"node",3832543440,45.4625541,9.1980647,"highway","crossing"
"node",3832543444,45.4625142,9.1981279,"highway","crossing"
"node",3832626450,45.4628021,9.1976621,"amenity","telephone"
"node",3832662154,45.4627631,9.1978259,"amenity","bar"
"node",3832669697,45.4630335,9.1997461,"amenity","clock"
"node",3832696395,45.4625201,9.1976005,"barrier","gate"
"node",3851457915,45.4579651,9.1810094,"historic","wayside_shrine"
"node",3877878583,45.4705615,9.1922651,"railway","subway_entrance"
"node",3877991677,45.4682002,9.1952731,"highway","crossing"
"node",3877991678,45.4682305,9.1953056,"amenity","waste_basket"
"node",3877992130,45.466921,9.1972058,"amenity","waste_basket"
"node",3877994085,45.4687412,9.1947252,"amenity","waste_basket"
"node",3877994097,45.4689941,9.1944326,"amenity","clock"
"node",3877994098,45.4690253,9.1943897,"highway","crossing"
"node",3877994099,45.4690484,9.1943505,"amenity","waste_basket"
"node",3877994118,45.4700972,9.1928161,"highway","crossing"
"node",3877995161,45.4704352,9.1920809,"natural","tree"
"node",3877995165,45.4704804,9.1921582,"natural","tree"
"node",3877995169,45.470543,9.1922302,"natural","tree"
"node",3877995580,45.4703723,9.1920286,"amenity","waste_basket"
"node",3877995582,45.4703892,9.1920304,"natural","tree"
"node",3877995584,45.4706366,9.1923067,"amenity","waste_basket"
"node",3877995586,45.4707103,9.1923183,"natural","tree"
"node",3877995587,45.4707766,9.1923538,"natural","tree"
"node",3877996216,45.470824,9.1923871,"natural","tree"
"node",3877996366,45.4706394,9.1922872,"natural","tree"
"node",3889597720,45.4687093,9.1979224,"natural","tree"
"node",3889597721,45.468735,9.1975647,"natural","tree"
"node",3889597722,45.4687389,9.1978435,"natural","tree"
"node",3889597723,45.4688161,9.1976821,"natural","tree"
"node",3889597724,45.4688804,9.1977206,"natural","tree"
"node",3889598615,45.4686398,9.1979334,"natural","tree"
"node",3889598616,45.4688122,9.1978711,"natural","tree"
"node",3889598621,45.4688868,9.1975776,"natural","tree"
"node",3889598710,45.4687878,9.1980031,"natural","tree"
"node",3889598711,45.4687929,9.197761,"natural","tree"
"node",3991739854,45.4551997,9.1927747,"natural","tree"
"node",3991739856,45.455684,9.1925363,"amenity","bench"
"node",3991744036,45.4574241,9.1915026,"amenity","bank"
"node",3991744037,45.4579415,9.1926121,"amenity","cafe"
"node",3991744043,45.4553308,9.1910697,"amenity","clinic"
"node",3991744046,45.4574738,9.1934108,"amenity","pharmacy"
"node",3991744047,45.4580058,9.1924979,"amenity","ice_cream"
"node",3991744049,45.4575947,9.1928427,"amenity","bar"
"node",3991744050,45.4575966,9.1935527,"amenity","cafe"
"node",3991745675,45.4564031,9.1949258,"amenity","bank"
"node",3991746070,45.4571998,9.1932399,"amenity","restaurant"
"node",3991746075,45.4554492,9.192447,"natural","tree"
"node",3991746077,45.4555572,9.1926717,"natural","tree"
"node",3991746083,45.4556609,9.1925354,"amenity","bench"
"node",3991746091,45.4559121,9.1926623,"amenity","bench"
"node",3991746092,45.4559186,9.1907794,"emergency","fire_hydrant"
"node",3991746093,45.4559327,9.192646,"amenity","bench"
"node",3991746094,45.4560796,9.1917198,"natural","tree"
"node",3991746100,45.4563007,9.195569,"amenity","clock"
"node",3991746654,45.4574028,9.1935438,"amenity","ice_cream"
"node",3991747068,45.4551651,9.1924034,"natural","tree"
"node",3991747069,45.4551747,9.1926473,"natural","tree"
"node",3991747070,45.4552406,9.1926303,"amenity","taxi"
"node",3991747195,45.458322,9.1919709,"amenity","restaurant"
"node",3991747268,45.4573112,9.1941017,"amenity","cafe"
"node",3991747278,45.4579098,9.1930908,"amenity","cafe"
"node",3991747420,45.4569883,9.1941132,"amenity","pharmacy"
"node",3991747641,45.4562655,9.1957622,"office","estate_agent"
"node",3991747642,45.4578789,9.1926878,"amenity","restaurant"
"node",3991747643,45.4568259,9.1947818,"amenity","bank"
"node",3991747645,45.4561604,9.1952105,"amenity","restaurant"
"node",3991747647,45.4547202,9.1911821,"natural","tree"
"node",3991747737,45.4585334,9.1922484,"amenity","restaurant"
"node",3991747860,45.4548191,9.1912397,"natural","tree"
"node",3991747863,45.4553499,9.1924373,"natural","tree"
"node",3991747864,45.4555905,9.192476,"natural","tree"
"node",3991747865,45.4556397,9.1925509,"amenity","bench"
"node",3991747867,45.4560811,9.1926656,"amenity","bench"
"node",3991747953,45.4567642,9.191141,"natural","tree"
"node",3991747954,45.4567649,9.1914111,"amenity","bench"
"node",3991747956,45.4568263,9.1913286,"amenity","bench"
"node",3991748397,45.455167,9.1923048,"natural","tree"
"node",3991748429,45.4556979,9.1924799,"natural","tree"
"node",3991748430,45.4557047,9.1925371,"amenity","bench"
"node",3991748431,45.4557236,9.1922439,"natural","tree"
"node",3991748432,45.4557779,9.1924133,"amenity","bicycle_parking"
"node",3991748434,45.4558658,9.1925427,"amenity","bench"
"node",3991748435,45.4559118,9.1925435,"amenity","bench"
"node",3991748440,45.4560113,9.1926465,"amenity","bench"
"node",3991748441,45.4560296,9.1926651,"amenity","bench"
"node",3991748442,45.4560331,9.1925508,"amenity","bench"
"node",3991748444,45.4560559,9.1926654,"amenity","bench"
"node",3991748446,45.4561225,9.1926485,"amenity","bench"
"node",3991748447,45.4561229,9.1925706,"amenity","bench"
"node",3991748448,45.456124,9.1925864,"amenity","waste_basket"
"node",3991748449,45.456124,9.1926258,"amenity","waste_basket"
"node",3991748451,45.4561586,9.1926562,"natural","tree"
"node",3991748452,45.4561626,9.1923288,"natural","tree"
"node",3991748453,45.4561957,9.1917356,"natural","tree"
"node",3991748454,45.4562104,9.1925859,"amenity","bench"
"node",3991748455,45.4562127,9.1956002,"highway","crossing"
"node",3991748456,45.4562417,9.1925705,"amenity","bench"
"node",3991749109,45.4558634,9.1926614,"amenity","bench"
"node",3991749110,45.455882,9.1924964,"natural","tree"
"node",3991749111,45.4558874,9.1920864,"natural","tree"
"node",3991749112,45.4558879,9.1926618,"amenity","bench"
"node",3991749113,45.4558886,9.1925431,"amenity","bench"
"node",3991749115,45.4559334,9.1925598,"amenity","bench"
"node",3991749116,45.4559429,9.1926588,"amenity","waste_basket"
"node",3991749117,45.4559508,9.1925499,"amenity","waste_basket"
"node",3991749118,45.4559724,9.1927095,"natural","tree"
"node",3991749119,45.4559765,9.1924906,"natural","tree"
"node",3991749121,45.4560117,9.1925667,"amenity","bench"
"node",3991749122,45.4560614,9.1927134,"natural","tree"
"node",3991749251,45.455458,9.1920837,"amenity","waste_basket"
"node",3991749252,45.4554613,9.1907057,"barrier","gate"
"node",3991749255,45.4555235,9.1923151,"natural","tree"
"node",3991749258,45.4553749,9.1921088,"amenity","waste_basket"
"node",3991749275,45.4554695,9.1928006,"natural","tree"
"node",3991749277,45.4555487,9.1919662,"natural","tree"
"node",3991749278,45.4555665,9.1922872,"amenity","waste_basket"
"node",3991749279,45.4556718,9.1920016,"natural","tree"
"node",3991749280,45.4556863,9.1927008,"natural","tree"
"node",3991749282,45.4571621,9.1906094,"natural","tree"
"node",3991749284,45.457209,9.1907753,"amenity","waste_basket"
"node",3991749285,45.4572322,9.1938448,"amenity","waste_basket"
"node",3991749286,45.4572907,9.1912559,"natural","tree"
"node",3991749289,45.4573684,9.1950327,"natural","tree"
"node",3991749290,45.4574623,9.1926068,"amenity","bench"
"node",3991749291,45.4574718,9.1926594,"amenity","bench"
"node",3991749293,45.4575654,9.1929467,"amenity","waste_basket"
"node",3991749297,45.4577528,9.19134,"natural","tree"
"node",3991749300,45.4582069,9.1928951,"natural","tree"
"node",3991749303,45.4584659,9.1933632,"natural","tree"
"node",3991749357,45.4555252,9.1916055,"natural","tree"
"node",3991749457,45.4556289,9.1921968,"natural","tree"
"node",3991749458,45.455638,9.1926401,"amenity","bench"
"node",3991749459,45.4556584,9.1926555,"amenity","bench"
"node",3991749460,45.4556805,9.1926564,"amenity","bench"
"node",3991749494,45.4557132,9.1916725,"natural","tree"
"node",3991749495,45.455776,9.1927066,"natural","tree"
"node",3991749496,45.4557883,9.1924847,"natural","tree"
"node",3991749497,45.4558363,9.1923111,"natural","tree"
"node",3991749557,45.4557058,9.1926573,"amenity","bench"
"node",3991749561,45.4558599,9.1954506,"amenity","cafe"
"node",3991749562,45.4558827,9.1927066,"natural","tree"
"node",3991749563,45.4560144,9.1926243,"amenity","waste_basket"
"node",3991749567,45.4560669,9.1924993,"natural","tree"
"node",3991749568,45.4560822,9.1925513,"amenity","bench"
"node",3991749569,45.456104,9.1925515,"amenity","bench"
"node",3991749584,45.4562221,9.1925664,"amenity","bench"
"node",3991751151,45.4560134,9.1925903,"amenity","waste_basket"
"node",3991751152,45.456105,9.1926658,"amenity","bench"
"node",3991751642,45.4560604,9.1925511,"amenity","bench"
"node",3991753165,45.4561634,9.192569,"natural","tree"
"node",3991753166,45.4561641,9.1927085,"natural","tree"
"node",3991754161,45.4565986,9.1915317,"natural","tree"
"node",3991754162,45.4566198,9.1914474,"amenity","bench"
"node",3991754207,45.4571284,9.1927296,"natural","tree"
"node",3991754246,45.4612523,9.1955444,"natural","tree"
"node",3991754324,45.4562651,9.1925789,"amenity","bench"
"node",3991754380,45.4562721,9.1927221,"natural","tree"
"node",3991757272,45.456319,9.1951249,"amenity","bicycle_parking"
"node",3991757275,45.4563775,9.1915496,"amenity","bench"
"node",3991757276,45.4563876,9.1915179,"amenity","bench"
"node",3991757282,45.45652,9.1918289,"natural","tree"
"node",3991757285,45.4565572,9.1913119,"natural","tree"
"node",3991757286,45.4566228,9.1918289,"natural","tree"
"node",3991757287,45.4566885,9.191145,"natural","tree"
"node",3991757293,45.456755,9.1913296,"amenity","bench"
"node",3991757296,45.4568213,9.1917678,"natural","tree"
"node",3991757297,45.4568292,9.1912421,"amenity","bench"
"node",3991757298,45.4568728,9.1911095,"barrier","lift_gate"
"node",3991757300,45.4569022,9.1898861,"natural","tree"
"node",3991757301,45.4569369,9.1914096,"natural","tree"
"node",3991757308,45.4572556,9.1926838,"natural","tree"
"node",3991757310,45.4572855,9.1926596,"barrier","gate"
"node",3991757312,45.4573032,9.1914057,"natural","tree"
"node",3991757314,45.4573944,9.1910268,"emergency","fire_hydrant"
"node",3991757315,45.4574316,9.1924227,"amenity","post_box"
"node",3991757884,45.4563326,9.1929004,"natural","tree"
"node",3991757885,45.4563543,9.1916172,"amenity","bench"
"node",3991757886,45.4563644,9.1915841,"amenity","bench"
"node",3991757887,45.4563728,9.1950341,"amenity","waste_basket"
"node",3991757896,45.4564054,9.1926327,"amenity","waste_basket"
"node",3991757897,45.4564288,9.1953517,"amenity","waste_basket"
"node",3991757904,45.4565508,9.1923175,"natural","tree"
"node",3991757905,45.4565629,9.1911104,"natural","tree"
"node",3991757906,45.4565673,9.1913611,"amenity","bench"
"node",3991757908,45.4566999,9.1912794,"natural","tree"
"node",3991758457,45.456319,9.19161,"amenity","waste_basket"
"node",3991758886,45.4565771,9.1912346,"natural","tree"
"node",3991758887,45.4565779,9.1921919,"natural","tree"
"node",3991758889,45.4567042,9.1918696,"natural","tree"
"node",3991758890,45.456767,9.1914687,"natural","tree"
"node",3991758891,45.4568186,9.1914604,"amenity","waste_basket"
"node",3991758909,45.4569426,9.1915277,"natural","tree"
"node",3991758910,45.4570211,9.1901699,"natural","tree"
"node",3991758911,45.4571193,9.1904498,"natural","tree"
"node",3991758913,45.4572757,9.1912414,"amenity","vending_machine"
"node",3991759210,45.4567533,9.1904378,"natural","tree"
"node",3991759211,45.4568441,9.1916376,"natural","tree"
"node",3991759212,45.4568712,9.1914056,"natural","tree"
"node",3991759213,45.4568995,9.1928307,"natural","tree"
"node",3991759215,45.4570626,9.1903138,"natural","tree"
"node",3991759218,45.4571809,9.1941708,"amenity","waste_basket"
"node",3991759224,45.4573314,9.1929355,"amenity","waste_basket"
"node",3991759246,45.4574248,9.1902054,"natural","tree"
"node",3991759248,45.4574545,9.1933188,"amenity","waste_basket"
"node",3991759249,45.4575104,9.1924464,"amenity","clock"
"node",3991759250,45.4575182,9.1928996,"amenity","bench"
"node",3991759251,45.4575324,9.1929401,"amenity","bench"
"node",3991759252,45.4575399,9.1928536,"amenity","waste_basket"
"node",3991759957,45.4567242,9.1917577,"natural","tree"
"node",3991759958,45.4568089,9.1929895,"amenity","cafe"
"node",3991759960,45.4569783,9.194831,"natural","tree"
"node",3991759963,45.4571874,9.1917994,"amenity","waste_basket"
"node",3991759968,45.4574906,9.1925378,"amenity","waste_basket"
"node",3991759974,45.4582443,9.1922362,"highway","crossing"
"node",3991759984,45.458508,9.1931506,"natural","tree"
"node",3991760457,45.4568437,9.1904882,"natural","tree"
"node",3991760458,45.4568635,9.1897442,"natural","tree"
"node",3991760460,45.4568784,9.1911837,"natural","tree"
"node",3991760505,45.4572645,9.1911022,"natural","tree"
"node",3991760507,45.4572866,9.1902093,"natural","tree"
"node",3991760508,45.4573294,9.1915732,"natural","tree"
"node",3991760515,45.4582419,9.1921745,"amenity","waste_basket"
"node",3991760516,45.4583303,9.193303,"natural","tree"
"node",3991760517,45.4585577,9.1923091,"barrier","bollard"
"node",3991761558,45.4571843,9.1902882,"natural","tree"
"node",3991761561,45.4581829,9.1928767,"amenity","bench"
"node",3991762558,45.4576138,9.1931859,"natural","tree"
"node",3991762559,45.457826,9.1914523,"natural","tree"
"node",3991762560,45.4579381,9.1929705,"amenity","clock"
"node",3991762562,45.4585833,9.1940308,"natural","tree"
"node",3991762563,45.4586059,9.1941704,"natural","tree"
"node",3991762657,45.4578755,9.1927573,"amenity","clock"
"node",3991762659,45.4581451,9.1928028,"natural","tree"
"node",3991762660,45.4581558,9.1928439,"amenity","bench"
"node",3991762661,45.4582054,9.1926933,"natural","tree"
"node",3991762663,45.4582235,9.192789,"historic","memorial"
"node",3991762664,45.4582544,9.1923734,"amenity","waste_basket"
"node",3991762666,45.4584357,9.1922007,"amenity","waste_basket"
"node",3991762668,45.4585005,9.1937346,"natural","tree"
"node",3991762669,45.458505,9.1939235,"natural","tree"
"node",3991762670,45.4585584,9.1916633,"amenity","waste_basket"
"node",3991763953,45.4608353,9.195726,"natural","tree"
"node",3991764675,45.4609944,9.1960447,"natural","tree"
"node",3991764762,45.4612929,9.1956844,"natural","tree"
"node",3991764858,45.461086,9.1959215,"natural","tree"
"node",3991764860,45.4611554,9.1958394,"natural","tree"
"node",3994271765,45.466417,9.2004081,"office","estate_agent"
"node",4059820845,45.472895,9.1873426,"highway","crossing"
"node",4059820846,45.4729129,9.1874547,"highway","crossing"
"node",4059820849,45.4729741,9.1873948,"highway","crossing"
"node",4059821576,45.4724442,9.1948542,"highway","crossing"
"node",4059821577,45.4722035,9.1952675,"highway","crossing"
"node",4059821580,45.4725155,9.1949465,"highway","crossing"
"node",4059821582,45.4722012,9.1950952,"highway","crossing"
"node",4059825803,45.4731345,9.1895633,"highway","crossing"
"node",4059825804,45.4731537,9.1894261,"highway","give_way"
"node",4059825805,45.4728808,9.1911625,"highway","crossing"
"node",4059825806,45.4730651,9.1895367,"highway","crossing"
"node",4059825807,45.4731761,9.1912443,"highway","crossing"
"node",4059825808,45.473033,9.1912089,"highway","crossing"
"node",4059825810,45.4729462,9.1921263,"highway","crossing"
"node",4059825811,45.4728111,9.1929099,"highway","crossing"
"node",4059825812,45.4730806,9.1913327,"highway","crossing"
"node",4059825815,45.4727526,9.1927543,"highway","crossing"
"node",4059825816,45.473199,9.1894849,"highway","crossing"
"node",4060097444,45.4575059,9.1831817,"barrier","bollard"
"node",4060097447,45.4565554,9.1848482,"highway","crossing"
"node",4060097451,45.4590887,9.1812562,"highway","crossing"
"node",4060097456,45.4590934,9.1812017,"highway","give_way"
"node",4060097476,45.4575324,9.1831463,"barrier","bollard"
"node",4084960429,45.4752608,9.1884152,"highway","crossing"
"node",4084960435,45.4753839,9.1884344,"highway","crossing"
"node",4084960448,45.4753383,9.1882359,"highway","crossing"
"node",4084960455,45.4752769,9.189337,"highway","crossing"
"node",4084960458,45.4753086,9.1885432,"highway","crossing"
"node",4084960459,45.4750735,9.1901222,"highway","crossing"
"node",4084961429,45.4753127,9.1870882,"highway","stop"
"node",4084968971,45.4767029,9.1899364,"highway","crossing"
"node",4084989090,45.4778686,9.1920456,"amenity","clock"
"node",4084989091,45.4776523,9.1915778,"amenity","parking_entrance"
"node",4086303290,45.4749004,9.1915882,"highway","crossing"
"node",4086303291,45.4749687,9.1914889,"highway","crossing"
"node",4086303292,45.4749413,9.1917269,"highway","crossing"
"node",4087143938,45.4746573,9.1935382,"highway","crossing"
"node",4087143947,45.4746986,9.1935553,"highway","stop"
"node",4087151315,45.4739368,9.1947612,"highway","crossing"
"node",4087151316,45.4739312,9.1947904,"highway","give_way"
"node",4087151317,45.4741882,9.1934597,"highway","crossing"
"node",4111425391,45.4578194,9.1807356,"amenity","pub"
"node",4145039387,45.455484,9.1879697,"highway","crossing"
"node",4170005889,45.4619964,9.1953962,"amenity","restaurant"
"node",4170008289,45.4620768,9.1955242,"historic","yes"
"node",4170009747,45.462406,9.1953432,"amenity","waste_basket"
"node",4184995507,45.4737412,9.1950303,"amenity","waste_basket"
"node",4184996231,45.4737112,9.1954268,"amenity","restaurant"
"node",4184996246,45.4732811,9.1955877,"amenity","restaurant"
"node",4184996301,45.4746274,9.193631,"amenity","waste_basket"
"node",4184996563,45.4733638,9.1956474,"amenity","restaurant"
"node",4184996567,45.4729719,9.1955707,"amenity","waste_basket"
"node",4184996569,45.4731382,9.1959071,"amenity","vending_machine"
"node",4184996570,45.4731692,9.1958293,"amenity","waste_basket"
"node",4184996716,45.4745377,9.1945609,"amenity","restaurant"
"node",4184997158,45.4740628,9.1946682,"amenity","restaurant"
"node",4184997161,45.4743393,9.1946172,"amenity","ice_cream"
"node",4184997496,45.4740756,9.1938081,"amenity","waste_basket"
"node",4184997501,45.4741506,9.1943089,"natural","tree"
"node",4184997773,45.4739938,9.194724,"amenity","waste_basket"
"node",4184997777,45.4741085,9.1940535,"amenity","waste_basket"
"node",4184997781,45.4742474,9.1933131,"amenity","waste_basket"
"node",4197340587,45.4589692,9.1782427,"amenity","ice_cream"
"node",4202168564,45.4564578,9.1806868,"amenity","restaurant"
"node",4215935003,45.4591054,9.1937424,"amenity","library"
"node",4222178816,45.4573591,9.1813708,"amenity","restaurant"
"node",4222395728,45.4681252,9.2042431,"natural","tree"
"node",4222395882,45.4679355,9.2042853,"natural","tree"
"node",4222395883,45.4682668,9.2041781,"natural","tree"
"node",4222396689,45.4685329,9.2039376,"natural","tree"
"node",4250034809,45.4678322,9.2042881,"amenity","bench"
"node",4250034813,45.4678435,9.2043417,"amenity","bench"
"node",4250034820,45.467875,9.2032588,"natural","tree"
"node",4250034998,45.4680123,9.2036933,"natural","tree"
"node",4250035009,45.4692341,9.2039669,"amenity","vending_machine"
"node",4250035016,45.4693001,9.2038553,"amenity","waste_basket"
"node",4288880898,45.4586251,9.1969066,"amenity","bar"
"node",4305608497,45.472653,9.1893339,"amenity","pharmacy"
"node",4305608501,45.4711488,9.1936771,"amenity","restaurant"
"node",4305608505,45.4729329,9.1931879,"amenity","embassy"
"node",4305608564,45.4704036,9.1919283,"amenity","waste_basket"
"node",4305608744,45.4725995,9.1934843,"amenity","restaurant"
"node",4305610030,45.4711495,9.1940744,"amenity","nightclub"
"node",4305610495,45.4711119,9.1927391,"highway","crossing"
"node",4305611331,45.4708797,9.1924191,"natural","tree"
"node",4305611336,45.471202,9.1925445,"highway","crossing"
"node",4305611338,45.4712549,9.194132,"amenity","waste_basket"
"node",4305611340,45.4712964,9.192564,"amenity","waste_basket"
"node",4305611441,45.4709456,9.1924513,"natural","tree"
"node",4305611445,45.4710932,9.192513,"amenity","waste_basket"
"node",4305611449,45.4712502,9.1926667,"highway","crossing"
"node",4305611451,45.4712953,9.1938826,"amenity","waste_basket"
"node",4305611589,45.4712841,9.1922515,"amenity","waste_basket"
"node",4305611595,45.4718447,9.1928677,"amenity","vending_machine"
"node",4305611659,45.4725904,9.1928074,"amenity","waste_basket"
"node",4305611660,45.4727832,9.1926357,"amenity","waste_basket"
"node",4305611663,45.4728444,9.1930528,"amenity","clock"
"node",4305611664,45.4728566,9.1926553,"highway","crossing"
"node",4305612124,45.4724321,9.1946269,"amenity","waste_basket"
"node",4305612134,45.4725412,9.1947328,"amenity","waste_basket"
"node",4305612135,45.47257,9.1896558,"amenity","waste_basket"
"node",4305612947,45.4726123,9.1895498,"amenity","waste_basket"
"node",4305612949,45.4727306,9.1936536,"amenity","waste_basket"
"node",4305612950,45.47274,9.1928637,"amenity","waste_basket"
"node",4321245192,45.4588626,9.1781535,"amenity","restaurant"
"node",4338994017,45.4712346,9.1941842,"amenity","cafe"
"node",4338994019,45.4719823,9.1950559,"amenity","restaurant"
"node",4348512496,45.459131,9.1784433,"amenity","waste_basket"
"node",4349466790,45.4573109,9.1808415,"amenity","cafe"
"node",4351830989,45.4728393,9.1873512,"amenity","restaurant"
"node",4357488785,45.472145,9.1863252,"amenity","restaurant"
"node",4368123359,45.4577681,9.1857091,"barrier","gate"
"node",4368123369,45.4580407,9.1863547,"barrier","gate"
"node",4375310544,45.4560675,9.1845023,"highway","turning_circle"
"node",4377883789,45.4583171,9.1770532,"highway","bus_stop"
"node",4389560685,45.4553761,9.1896398,"amenity","restaurant"
"node",4389560686,45.4554568,9.1885924,"barrier","gate"
"node",4389560687,45.4554558,9.1886102,"barrier","gate"
"node",4389560688,45.4554461,9.1887682,"barrier","gate"
"node",4389569889,45.4554262,9.1890922,"barrier","gate"
"node",4389569890,45.4554168,9.1892456,"barrier","gate"
"node",4389569891,45.4554128,9.1893107,"barrier","gate"
"node",4389569892,45.4554016,9.1894924,"barrier","gate"
"node",4389569893,45.4554647,9.1884641,"barrier","gate"
"node",4394518800,45.4550486,9.1784019,"natural","tree"
"node",4394518820,45.4553202,9.1787325,"natural","tree"
"node",4394518823,45.4553475,9.1787647,"natural","tree"
"node",4394518827,45.4554263,9.1788217,"natural","tree"
"node",4394518828,45.4554808,9.178866,"natural","tree"
"node",4394518829,45.4555401,9.1789069,"natural","tree"
"node",4394518831,45.4555999,9.178937,"natural","tree"
"node",4394518837,45.4556803,9.1790128,"natural","tree"
"node",4394518838,45.4557847,9.1790711,"natural","tree"
"node",4394518841,45.4558176,9.1790872,"natural","tree"
"node",4394518851,45.4559399,9.1792053,"natural","tree"
"node",4394518852,45.4559409,9.1792307,"natural","tree"
"node",4394518854,45.4559536,9.1792274,"natural","tree"
"node",4394518855,45.4559813,9.1792039,"natural","tree"
"node",4394518856,45.4559983,9.1792569,"natural","tree"
"node",4394518859,45.4561233,9.179227,"barrier","gate"
"node",4394518864,45.4570321,9.1787358,"natural","tree"
"node",4394518866,45.4570998,9.1783744,"natural","tree"
"node",4394518867,45.4571892,9.1784026,"natural","tree"
"node",4394518869,45.4573665,9.1781585,"natural","tree"
"node",4394518870,45.457382,9.178017,"natural","tree"
"node",4394518871,45.4573858,9.1780968,"natural","tree"
"node",4394518872,45.4574023,9.1777743,"natural","tree"
"node",4394518873,45.4574126,9.1780599,"natural","tree"
"node",4394518874,45.4574281,9.178025,"natural","tree"
"node",4394518875,45.4574592,9.1776261,"natural","tree"
"node",4394518876,45.4574898,9.1777394,"natural","tree"
"node",4394518877,45.4575542,9.1784073,"natural","tree"
"node",4394548225,45.4553674,9.1781186,"barrier","gate"
"node",4394548228,45.4554414,9.1780711,"barrier","gate"
"node",4394548243,45.4561935,9.1777324,"barrier","gate"
"node",4394548247,45.4563141,9.1777862,"barrier","gate"
"node",4404145726,45.4572386,9.1823139,"natural","tree"
"node",4404145728,45.4573016,9.1822697,"natural","tree"
"node",4404145729,45.4571916,9.1823099,"natural","tree"
"node",4404145730,45.4572499,9.1821798,"natural","tree"
"node",4404145731,45.4572142,9.1822388,"natural","tree"
"node",4404145732,45.4573016,9.1821758,"natural","tree"
"node",4404867391,45.4696644,9.1941042,"amenity","bureau_de_change"
"node",4417957989,45.4642362,9.1988006,"amenity","restaurant"
"node",4425378039,45.4709541,9.1937814,"highway","bus_stop"
"node",4445587231,45.4573488,9.1917444,"natural","tree"
"node",4445587237,45.4573695,9.1919141,"natural","tree"
"node",4448816768,45.4666038,9.1992347,"amenity","bank"
"node",4448816769,45.4663887,9.1988642,"amenity","restaurant"
"node",4448816770,45.4660921,9.1993407,"office","foundation"
"node",4448816933,45.4662953,9.1987536,"amenity","parking"
"node",4448817100,45.4669767,9.2001168,"amenity","waste_basket"
"node",4448817101,45.4669999,9.2001536,"highway","crossing"
"node",4448817386,45.4668206,9.2000833,"amenity","restaurant"
"node",4448817431,45.4660258,9.2003063,"natural","tree"
"node",4448817454,45.4663578,9.1999361,"natural","tree"
"node",4448817490,45.4658334,9.2002848,"natural","tree"
"node",4448817493,45.4658614,9.2001335,"highway","crossing"
"node",4448817496,45.4659092,9.2003223,"natural","tree"
"node",4448817498,45.4659515,9.2002405,"natural","tree"
"node",4448817995,45.4667632,9.1991586,"amenity","waste_basket"
"node",4448817997,45.4668237,9.1983492,"amenity","taxi"
"node",4448817999,45.466885,9.1999951,"amenity","clock"
"node",4448818000,45.4668929,9.2001657,"highway","crossing"
"node",4448818001,45.4669,9.2001316,"amenity","waste_basket"
"node",4453546021,45.4779302,9.1920063,"amenity","post_box"